"year","recuperacion","ponderador","captura","biomasa","reduccion"
2015,0,"0.0 Fmrs",18798.45,131130.5,0.293515
2016,1,"0.0 Fmrs",1.92511e-09,146158,0.3271455
2017,2,"0.0 Fmrs",2.262115e-09,166075.5,0.372298
2018,3,"0.0 Fmrs",2.59947e-09,186556.5,0.419025
2019,4,"0.0 Fmrs",2.94895e-09,207537.5,0.4636035
2020,5,"0.0 Fmrs",3.305515e-09,225734,0.505252
2021,6,"0.0 Fmrs",3.65371e-09,242183.5,0.541908
2022,7,"0.0 Fmrs",3.982475e-09,255637,0.573101
2023,8,"0.0 Fmrs",4.31812e-09,267287.5,0.598287
2024,9,"0.0 Fmrs",4.60817e-09,277120,0.620537
2025,10,"0.0 Fmrs",4.86527e-09,286011.5,0.6436205
2026,11,"0.0 Fmrs",5.116345e-09,295915.5,0.6640235
2027,12,"0.0 Fmrs",5.298e-09,302719.5,0.681752
2028,13,"0.0 Fmrs",5.34878e-09,305553.5,0.6863765
2029,14,"0.0 Fmrs",5.49371e-09,312122.5,0.70158
2030,15,"0.0 Fmrs",5.618865e-09,317740,0.714098
2031,16,"0.0 Fmrs",5.682555e-09,319452.5,0.718434
2032,17,"0.0 Fmrs",5.7907e-09,325414,0.7289305
2033,18,"0.0 Fmrs",5.936515e-09,331050,0.742737
2034,19,"0.0 Fmrs",6.071435e-09,334469,0.7521025
2035,20,"0.0 Fmrs",5.689755e-09,321526.5,0.724583
2036,21,"0.0 Fmrs",5.72771e-09,322247.5,0.7263445
2037,22,"0.0 Fmrs",5.749445e-09,322779,0.7260605
2038,23,"0.0 Fmrs",5.887015e-09,328142,0.738576
2039,24,"0.0 Fmrs",5.88706e-09,328145,0.7385835
2040,25,"0.0 Fmrs",5.88706e-09,328145,0.7385835
2041,26,"0.0 Fmrs",5.88706e-09,328145,0.7385835
2042,27,"0.0 Fmrs",5.88706e-09,328145,0.7385835
2043,28,"0.0 Fmrs",5.88706e-09,328145,0.7385835
2044,29,"0.0 Fmrs",5.88706e-09,328145,0.7385835
2045,30,"0.0 Fmrs",5.88706e-09,328145,0.7385835
2046,31,"0.0 Fmrs",5.88706e-09,328145,0.7385835
2047,32,"0.0 Fmrs",5.88706e-09,328145,0.7385835
2048,33,"0.0 Fmrs",5.88706e-09,328145,0.7385835
2049,34,"0.0 Fmrs",5.88706e-09,328145,0.7385835
2050,35,"0.0 Fmrs",5.88706e-09,328145,0.7385835
2051,36,"0.0 Fmrs",5.88706e-09,328145,0.7385835
2052,37,"0.0 Fmrs",5.88706e-09,328145,0.7385835
2053,38,"0.0 Fmrs",5.88706e-09,328145,0.7385835
2054,39,"0.0 Fmrs",5.88706e-09,328145,0.7385835
2055,40,"0.0 Fmrs",5.88706e-09,328145,0.7385835
2056,41,"0.0 Fmrs",5.88706e-09,328145,0.7385835
2057,42,"0.0 Fmrs",5.88706e-09,328145,0.7385835
2058,43,"0.0 Fmrs",5.88706e-09,328145,0.7385835
2059,44,"0.0 Fmrs",5.88706e-09,328145,0.7385835
2060,45,"0.0 Fmrs",5.88706e-09,328145,0.7385835
2061,46,"0.0 Fmrs",5.88706e-09,328145,0.7385835
2062,47,"0.0 Fmrs",5.88706e-09,328145,0.7385835
2063,48,"0.0 Fmrs",5.88706e-09,328145,0.7385835
2064,49,"0.0 Fmrs",5.88706e-09,328145,0.7385835
2015,0,"0.1 Fmsr",18798.45,131130.5,0.293515
2016,1,"0.1 Fmsr",1913.49,145033.5,0.324617
2017,2,"0.1 Fmsr",2219.76,163292.5,0.3655605
2018,3,"0.1 Fmsr",2525.025,182025,0.408638
2019,4,"0.1 Fmsr",2833.725,200453,0.4481795
2020,5,"0.1 Fmsr",3138.095,217033,0.4844015
2021,6,"0.1 Fmsr",3433.875,231135,0.5174055
2022,7,"0.1 Fmsr",3706.975,242255,0.543022
2023,8,"0.1 Fmsr",3972.26,251080.5,0.5618255
2024,9,"0.1 Fmsr",4195.415,258027.5,0.578966
2025,10,"0.1 Fmsr",4388.615,265205.5,0.596037
2026,11,"0.1 Fmsr",4589.125,272131,0.6127845
2027,12,"0.1 Fmsr",4720.61,277385,0.6243855
2028,13,"0.1 Fmsr",4747.24,279485.5,0.628833
2029,14,"0.1 Fmsr",4853.96,284365,0.6402315
2030,15,"0.1 Fmsr",4946.375,288792.5,0.648275
2031,16,"0.1 Fmsr",5006.255,290420.5,0.6518665
2032,17,"0.1 Fmsr",5059.22,294406,0.661528
2033,18,"0.1 Fmsr",5180.185,297892,0.6684085
2034,19,"0.1 Fmsr",5267.87,300563,0.6760525
2035,20,"0.1 Fmsr",5013.38,291803.5,0.6575945
2036,21,"0.1 Fmsr",5029.345,292101.5,0.658182
2037,22,"0.1 Fmsr",5052.54,293411.5,0.6588125
2038,23,"0.1 Fmsr",5142.33,296404,0.6680415
2039,24,"0.1 Fmsr",5142.375,296406,0.6680455
2040,25,"0.1 Fmsr",5142.375,296406,0.6680455
2041,26,"0.1 Fmsr",5142.375,296406,0.6680455
2042,27,"0.1 Fmsr",5142.375,296406,0.6680455
2043,28,"0.1 Fmsr",5142.375,296406,0.6680455
2044,29,"0.1 Fmsr",5142.375,296406,0.6680455
2045,30,"0.1 Fmsr",5142.375,296406,0.6680455
2046,31,"0.1 Fmsr",5142.375,296406,0.6680455
2047,32,"0.1 Fmsr",5142.375,296406,0.6680455
2048,33,"0.1 Fmsr",5142.375,296406,0.6680455
2049,34,"0.1 Fmsr",5142.375,296406,0.6680455
2050,35,"0.1 Fmsr",5142.375,296406,0.6680455
2051,36,"0.1 Fmsr",5142.375,296406,0.6680455
2052,37,"0.1 Fmsr",5142.375,296406,0.6680455
2053,38,"0.1 Fmsr",5142.375,296406,0.6680455
2054,39,"0.1 Fmsr",5142.375,296406,0.6680455
2055,40,"0.1 Fmsr",5142.375,296406,0.6680455
2056,41,"0.1 Fmsr",5142.375,296406,0.6680455
2057,42,"0.1 Fmsr",5142.375,296406,0.6680455
2058,43,"0.1 Fmsr",5142.375,296406,0.6680455
2059,44,"0.1 Fmsr",5142.375,296406,0.6680455
2060,45,"0.1 Fmsr",5142.375,296406,0.6680455
2061,46,"0.1 Fmsr",5142.375,296406,0.6680455
2062,47,"0.1 Fmsr",5142.375,296406,0.6680455
2063,48,"0.1 Fmsr",5142.375,296406,0.6680455
2064,49,"0.1 Fmsr",5142.375,296406,0.6680455
2015,0,"0.2 Fmrs",18798.45,131130.5,0.293515
2016,1,"0.2 Fmrs",3805.45,143893.5,0.322181
2017,2,"0.2 Fmrs",4360.5,160397.5,0.3595925
2018,3,"0.2 Fmrs",4907.075,177635.5,0.3983105
2019,4,"0.2 Fmrs",5446.305,194221,0.4346625
2020,5,"0.2 Fmrs",5972.115,208673,0.465695
2021,6,"0.2 Fmrs",6474.265,220992.5,0.494621
2022,7,"0.2 Fmrs",6925.67,230211.5,0.515994
2023,8,"0.2 Fmrs",7354.19,236825,0.5299425
2024,9,"0.2 Fmrs",7696.825,241774,0.543424
2025,10,"0.2 Fmrs",8011.645,247518.5,0.556564
2026,11,"0.2 Fmrs",8317.095,252664.5,0.5691905
2027,12,"0.2 Fmrs",8505.34,256523,0.5784895
2028,13,"0.2 Fmrs",8535.705,258247,0.5815275
2029,14,"0.2 Fmrs",8704.535,262114.5,0.5900765
2030,15,"0.2 Fmrs",8819.6,265141.5,0.5960755
2031,16,"0.2 Fmrs",8920.095,266229.5,0.5987805
2032,17,"0.2 Fmrs",9004.94,269333.5,0.6064475
2033,18,"0.2 Fmrs",9171.115,271555.5,0.610483
2034,19,"0.2 Fmrs",9289.095,274466,0.6156535
2035,20,"0.2 Fmrs",8932.3,267839,0.6042855
2036,21,"0.2 Fmrs",8949.14,268634,0.604177
2037,22,"0.2 Fmrs",8993.17,269197,0.6032435
2038,23,"0.2 Fmrs",9118.575,271585,0.6111685
2039,24,"0.2 Fmrs",9118.635,271586,0.611171
2040,25,"0.2 Fmrs",9118.635,271586,0.611171
2041,26,"0.2 Fmrs",9118.635,271586,0.611171
2042,27,"0.2 Fmrs",9118.635,271586,0.611171
2043,28,"0.2 Fmrs",9118.635,271586,0.611171
2044,29,"0.2 Fmrs",9118.635,271586,0.611171
2045,30,"0.2 Fmrs",9118.635,271586,0.611171
2046,31,"0.2 Fmrs",9118.635,271586,0.611171
2047,32,"0.2 Fmrs",9118.635,271586,0.611171
2048,33,"0.2 Fmrs",9118.635,271586,0.611171
2049,34,"0.2 Fmrs",9118.635,271586,0.611171
2050,35,"0.2 Fmrs",9118.635,271586,0.611171
2051,36,"0.2 Fmrs",9118.635,271586,0.611171
2052,37,"0.2 Fmrs",9118.635,271586,0.611171
2053,38,"0.2 Fmrs",9118.635,271586,0.611171
2054,39,"0.2 Fmrs",9118.635,271586,0.611171
2055,40,"0.2 Fmrs",9118.635,271586,0.611171
2056,41,"0.2 Fmrs",9118.635,271586,0.611171
2057,42,"0.2 Fmrs",9118.635,271586,0.611171
2058,43,"0.2 Fmrs",9118.635,271586,0.611171
2059,44,"0.2 Fmrs",9118.635,271586,0.611171
2060,45,"0.2 Fmrs",9118.635,271586,0.611171
2061,46,"0.2 Fmrs",9118.635,271586,0.611171
2062,47,"0.2 Fmrs",9118.635,271586,0.611171
2063,48,"0.2 Fmrs",9118.635,271586,0.611171
2064,49,"0.2 Fmrs",9118.635,271586,0.611171
2015,0,"0.3 Fmrs",18798.45,131130.5,0.293515
2016,1,"0.3 Fmrs",5673.44,142770.5,0.3196445
2017,2,"0.3 Fmrs",6422.305,157763,0.3534415
2018,3,"0.3 Fmrs",7155.49,173422.5,0.3888305
2019,4,"0.3 Fmrs",7865.455,187987,0.4216195
2020,5,"0.3 Fmrs",8537.09,200997.5,0.448806
2021,6,"0.3 Fmrs",9174.42,211373.5,0.473908
2022,7,"0.3 Fmrs",9739.77,218984,0.4905455
2023,8,"0.3 Fmrs",10245.6,224073,0.5019975
2024,9,"0.3 Fmrs",10665.25,227766,0.5123265
2025,10,"0.3 Fmrs",11048.2,232354.5,0.5225745
2026,11,"0.3 Fmrs",11386.4,236179,0.532009
2027,12,"0.3 Fmrs",11567.25,239158.5,0.5390955
2028,13,"0.3 Fmrs",11615.5,240348.5,0.5417865
2029,14,"0.3 Fmrs",11815.35,243459.5,0.547953
2030,15,"0.3 Fmrs",11943.1,245824.5,0.5525205
2031,16,"0.3 Fmrs",12029.55,247118,0.555248
2032,17,"0.3 Fmrs",12128.4,249291,0.5605495
2033,18,"0.3 Fmrs",12318.9,250747,0.5638975
2034,19,"0.3 Fmrs",12442.95,252577.5,0.5674425
2035,20,"0.3 Fmrs",12059.4,248138.5,0.5602955
2036,21,"0.3 Fmrs",12096.9,249052.5,0.5582375
2037,22,"0.3 Fmrs",12140.9,249322.5,0.5594765
2038,23,"0.3 Fmrs",12259.3,250949,0.5647745
2039,24,"0.3 Fmrs",12259.35,250949.5,0.564777
2040,25,"0.3 Fmrs",12259.35,250949.5,0.564777
2041,26,"0.3 Fmrs",12259.35,250949.5,0.564777
2042,27,"0.3 Fmrs",12259.35,250949.5,0.564777
2043,28,"0.3 Fmrs",12259.35,250949.5,0.564777
2044,29,"0.3 Fmrs",12259.35,250949.5,0.564777
2045,30,"0.3 Fmrs",12259.35,250949.5,0.564777
2046,31,"0.3 Fmrs",12259.35,250949.5,0.564777
2047,32,"0.3 Fmrs",12259.35,250949.5,0.564777
2048,33,"0.3 Fmrs",12259.35,250949.5,0.564777
2049,34,"0.3 Fmrs",12259.35,250949.5,0.564777
2050,35,"0.3 Fmrs",12259.35,250949.5,0.564777
2051,36,"0.3 Fmrs",12259.35,250949.5,0.564777
2052,37,"0.3 Fmrs",12259.35,250949.5,0.564777
2053,38,"0.3 Fmrs",12259.35,250949.5,0.564777
2054,39,"0.3 Fmrs",12259.35,250949.5,0.564777
2055,40,"0.3 Fmrs",12259.35,250949.5,0.564777
2056,41,"0.3 Fmrs",12259.35,250949.5,0.564777
2057,42,"0.3 Fmrs",12259.35,250949.5,0.564777
2058,43,"0.3 Fmrs",12259.35,250949.5,0.564777
2059,44,"0.3 Fmrs",12259.35,250949.5,0.564777
2060,45,"0.3 Fmrs",12259.35,250949.5,0.564777
2061,46,"0.3 Fmrs",12259.35,250949.5,0.564777
2062,47,"0.3 Fmrs",12259.35,250949.5,0.564777
2063,48,"0.3 Fmrs",12259.35,250949.5,0.564777
2064,49,"0.3 Fmrs",12259.35,250949.5,0.564777
2015,0,"0.4 Fmrs",18798.45,131130.5,0.293515
2016,1,"0.4 Fmrs",7518.04,141728,0.3174315
2017,2,"0.4 Fmrs",8418.345,155213.5,0.3478255
2018,3,"0.4 Fmrs",9277.2,169360.5,0.3800145
2019,4,"0.4 Fmrs",10104.35,182477.5,0.40882
2020,5,"0.4 Fmrs",10865.05,193950.5,0.433003
2021,6,"0.4 Fmrs",11574.15,202888,0.454821
2022,7,"0.4 Fmrs",12217.95,208959,0.468286
2023,8,"0.4 Fmrs",12766.95,212589,0.477182
2024,9,"0.4 Fmrs",13203.55,215414.5,0.4850655
2025,10,"0.4 Fmrs",13611.6,218793.5,0.492274
2026,11,"0.4 Fmrs",13956.6,221894.5,0.500052
2027,12,"0.4 Fmrs",14120.25,224199.5,0.505253
2028,13,"0.4 Fmrs",14180.8,225369,0.5080835
2029,14,"0.4 Fmrs",14356.95,227733,0.51273
2030,15,"0.4 Fmrs",14456.85,229732,0.516844
2031,16,"0.4 Fmrs",14575.4,230792,0.5181675
2032,17,"0.4 Fmrs",14708.6,232208.5,0.522653
2033,18,"0.4 Fmrs",14856.6,233523,0.52432
2034,19,"0.4 Fmrs",15007.8,234194,0.5275185
2035,20,"0.4 Fmrs",14620.4,232020.5,0.5224035
2036,21,"0.4 Fmrs",14658.65,232016.5,0.5208755
2037,22,"0.4 Fmrs",14726.75,232712,0.5223485
2038,23,"0.4 Fmrs",14817.3,233470,0.525101
2039,24,"0.4 Fmrs",14817.3,233470,0.5251015
2040,25,"0.4 Fmrs",14817.3,233470,0.5251015
2041,26,"0.4 Fmrs",14817.3,233470,0.5251015
2042,27,"0.4 Fmrs",14817.3,233470,0.5251015
2043,28,"0.4 Fmrs",14817.3,233470,0.5251015
2044,29,"0.4 Fmrs",14817.3,233470,0.5251015
2045,30,"0.4 Fmrs",14817.3,233470,0.5251015
2046,31,"0.4 Fmrs",14817.3,233470,0.5251015
2047,32,"0.4 Fmrs",14817.3,233470,0.5251015
2048,33,"0.4 Fmrs",14817.3,233470,0.5251015
2049,34,"0.4 Fmrs",14817.3,233470,0.5251015
2050,35,"0.4 Fmrs",14817.3,233470,0.5251015
2051,36,"0.4 Fmrs",14817.3,233470,0.5251015
2052,37,"0.4 Fmrs",14817.3,233470,0.5251015
2053,38,"0.4 Fmrs",14817.3,233470,0.5251015
2054,39,"0.4 Fmrs",14817.3,233470,0.5251015
2055,40,"0.4 Fmrs",14817.3,233470,0.5251015
2056,41,"0.4 Fmrs",14817.3,233470,0.5251015
2057,42,"0.4 Fmrs",14817.3,233470,0.5251015
2058,43,"0.4 Fmrs",14817.3,233470,0.5251015
2059,44,"0.4 Fmrs",14817.3,233470,0.5251015
2060,45,"0.4 Fmrs",14817.3,233470,0.5251015
2061,46,"0.4 Fmrs",14817.3,233470,0.5251015
2062,47,"0.4 Fmrs",14817.3,233470,0.5251015
2063,48,"0.4 Fmrs",14817.3,233470,0.5251015
2064,49,"0.4 Fmrs",14817.3,233470,0.5251015
2015,0,"0.5 Fmrs",18798.45,131130.5,0.293515
2016,1,"0.5 Fmrs",9342.89,140767,0.3149805
2017,2,"0.5 Fmrs",10344.3,152710,0.341881
2018,3,"0.5 Fmrs",11293.05,165296.5,0.3712975
2019,4,"0.5 Fmrs",12184.5,177175.5,0.3968305
2020,5,"0.5 Fmrs",12999.3,187304.5,0.4186905
2021,6,"0.5 Fmrs",13740.35,194818.5,0.437039
2022,7,"0.5 Fmrs",14405.85,199458,0.4482025
2023,8,"0.5 Fmrs",14966.8,202375.5,0.454843
2024,9,"0.5 Fmrs",15404.05,204713,0.459763
2025,10,"0.5 Fmrs",15804.75,207217,0.4657445
2026,11,"0.5 Fmrs",16133.5,209743,0.4720195
2027,12,"0.5 Fmrs",16274.6,211643,0.47643
2028,13,"0.5 Fmrs",16307.65,212572,0.478375
2029,14,"0.5 Fmrs",16493.95,214402,0.4827735
2030,15,"0.5 Fmrs",16593.5,215907.5,0.4858515
2031,16,"0.5 Fmrs",16651.8,216909,0.487318
2032,17,"0.5 Fmrs",16803.05,217687,0.4900055
2033,18,"0.5 Fmrs",16941.85,218743.5,0.491174
2034,19,"0.5 Fmrs",17072.2,219411,0.4935805
2035,20,"0.5 Fmrs",16771.65,217707.5,0.4896285
2036,21,"0.5 Fmrs",16797.6,217962.5,0.489609
2037,22,"0.5 Fmrs",16835.75,218466,0.4905485
2038,23,"0.5 Fmrs",16934.5,218868.5,0.492254
2039,24,"0.5 Fmrs",16934.55,218869,0.4922545
2040,25,"0.5 Fmrs",16934.55,218869,0.4922545
2041,26,"0.5 Fmrs",16934.55,218869,0.4922545
2042,27,"0.5 Fmrs",16934.55,218869,0.4922545
2043,28,"0.5 Fmrs",16934.55,218869,0.4922545
2044,29,"0.5 Fmrs",16934.55,218869,0.4922545
2045,30,"0.5 Fmrs",16934.55,218869,0.4922545
2046,31,"0.5 Fmrs",16934.55,218869,0.4922545
2047,32,"0.5 Fmrs",16934.55,218869,0.4922545
2048,33,"0.5 Fmrs",16934.55,218869,0.4922545
2049,34,"0.5 Fmrs",16934.55,218869,0.4922545
2050,35,"0.5 Fmrs",16934.55,218869,0.4922545
2051,36,"0.5 Fmrs",16934.55,218869,0.4922545
2052,37,"0.5 Fmrs",16934.55,218869,0.4922545
2053,38,"0.5 Fmrs",16934.55,218869,0.4922545
2054,39,"0.5 Fmrs",16934.55,218869,0.4922545
2055,40,"0.5 Fmrs",16934.55,218869,0.4922545
2056,41,"0.5 Fmrs",16934.55,218869,0.4922545
2057,42,"0.5 Fmrs",16934.55,218869,0.4922545
2058,43,"0.5 Fmrs",16934.55,218869,0.4922545
2059,44,"0.5 Fmrs",16934.55,218869,0.4922545
2060,45,"0.5 Fmrs",16934.55,218869,0.4922545
2061,46,"0.5 Fmrs",16934.55,218869,0.4922545
2062,47,"0.5 Fmrs",16934.55,218869,0.4922545
2063,48,"0.5 Fmrs",16934.55,218869,0.4922545
2064,49,"0.5 Fmrs",16934.55,218869,0.4922545
2015,0,"0.6 Fmrs",18798.45,131130.5,0.293515
2016,1,"0.6 Fmrs",11141.1,139764,0.312541
2017,2,"0.6 Fmrs",12203.35,150318,0.336311
2018,3,"0.6 Fmrs",13177.6,161485.5,0.362941
2019,4,"0.6 Fmrs",14110.35,171998,0.385987
2020,5,"0.6 Fmrs",14942,181218.5,0.40565
2021,6,"0.6 Fmrs",15687.55,187546,0.420826
2022,7,"0.6 Fmrs",16339.4,191186.5,0.4297675
2023,8,"0.6 Fmrs",16894.35,193167.5,0.434832
2024,9,"0.6 Fmrs",17311.25,194922,0.4373425
2025,10,"0.6 Fmrs",17687.8,196985,0.4428255
2026,11,"0.6 Fmrs",17953.8,199258,0.447972
2027,12,"0.6 Fmrs",18115.45,200416,0.4515315
2028,13,"0.6 Fmrs",18109.75,201522,0.4532265
2029,14,"0.6 Fmrs",18271.55,202710,0.4565375
2030,15,"0.6 Fmrs",18390,203869,0.45915
2031,16,"0.6 Fmrs",18456.3,204818.5,0.460115
2032,17,"0.6 Fmrs",18582.25,205373,0.4625915
2033,18,"0.6 Fmrs",18724.85,206600,0.463144
2034,19,"0.6 Fmrs",18824.6,206597,0.464733
2035,20,"0.6 Fmrs",18554.6,205438,0.461981
2036,21,"0.6 Fmrs",18602.5,205680.5,0.4625695
2037,22,"0.6 Fmrs",18641.95,205992,0.463342
2038,23,"0.6 Fmrs",18730.15,206099.5,0.464003
2039,24,"0.6 Fmrs",18730.15,206099.5,0.4640035
2040,25,"0.6 Fmrs",18730.15,206099.5,0.4640035
2041,26,"0.6 Fmrs",18730.15,206099.5,0.4640035
2042,27,"0.6 Fmrs",18730.15,206099.5,0.4640035
2043,28,"0.6 Fmrs",18730.15,206099.5,0.4640035
2044,29,"0.6 Fmrs",18730.15,206099.5,0.4640035
2045,30,"0.6 Fmrs",18730.15,206099.5,0.4640035
2046,31,"0.6 Fmrs",18730.15,206099.5,0.4640035
2047,32,"0.6 Fmrs",18730.15,206099.5,0.4640035
2048,33,"0.6 Fmrs",18730.15,206099.5,0.4640035
2049,34,"0.6 Fmrs",18730.15,206099.5,0.4640035
2050,35,"0.6 Fmrs",18730.15,206099.5,0.4640035
2051,36,"0.6 Fmrs",18730.15,206099.5,0.4640035
2052,37,"0.6 Fmrs",18730.15,206099.5,0.4640035
2053,38,"0.6 Fmrs",18730.15,206099.5,0.4640035
2054,39,"0.6 Fmrs",18730.15,206099.5,0.4640035
2055,40,"0.6 Fmrs",18730.15,206099.5,0.4640035
2056,41,"0.6 Fmrs",18730.15,206099.5,0.4640035
2057,42,"0.6 Fmrs",18730.15,206099.5,0.4640035
2058,43,"0.6 Fmrs",18730.15,206099.5,0.4640035
2059,44,"0.6 Fmrs",18730.15,206099.5,0.4640035
2060,45,"0.6 Fmrs",18730.15,206099.5,0.4640035
2061,46,"0.6 Fmrs",18730.15,206099.5,0.4640035
2062,47,"0.6 Fmrs",18730.15,206099.5,0.4640035
2063,48,"0.6 Fmrs",18730.15,206099.5,0.4640035
2064,49,"0.6 Fmrs",18730.15,206099.5,0.4640035
2015,0,"0.7 Fmsr",18798.45,131130.5,0.293515
2016,1,"0.7 Fmsr",12917.95,138643,0.3101445
2017,2,"0.7 Fmsr",14003.35,147936,0.330907
2018,3,"0.7 Fmsr",14975.45,157913,0.3546725
2019,4,"0.7 Fmsr",15909,167346.5,0.375702
2020,5,"0.7 Fmsr",16710.95,175503,0.392796
2021,6,"0.7 Fmsr",17434.9,180945.5,0.4055065
2022,7,"0.7 Fmsr",18037.9,183505.5,0.4131035
2023,8,"0.7 Fmsr",18588.6,184681,0.4163675
2024,9,"0.7 Fmsr",19012.05,186176.5,0.418098
2025,10,"0.7 Fmsr",19330.7,187864.5,0.4227945
2026,11,"0.7 Fmsr",19535.3,189249,0.426331
2027,12,"0.7 Fmsr",19648.7,190825,0.429482
2028,13,"0.7 Fmsr",19675.4,191620.5,0.4311585
2029,14,"0.7 Fmsr",19810.15,192639,0.4331095
2030,15,"0.7 Fmsr",19909.35,193546,0.4353515
2031,16,"0.7 Fmsr",19966.35,194269,0.4368825
2032,17,"0.7 Fmsr",20095.55,194896.5,0.438612
2033,18,"0.7 Fmsr",20242.9,195617.5,0.439257
2034,19,"0.7 Fmsr",20330.05,195643.5,0.439977
2035,20,"0.7 Fmsr",20093.15,194800,0.4377915
2036,21,"0.7 Fmsr",20117.65,195206,0.438195
2037,22,"0.7 Fmsr",20202.6,195231.5,0.4395055
2038,23,"0.7 Fmsr",20253.05,195677,0.4399335
2039,24,"0.7 Fmsr",20253.1,195677,0.4399335
2040,25,"0.7 Fmsr",20253.1,195677,0.4399335
2041,26,"0.7 Fmsr",20253.1,195677,0.4399335
2042,27,"0.7 Fmsr",20253.1,195677,0.4399335
2043,28,"0.7 Fmsr",20253.1,195677,0.4399335
2044,29,"0.7 Fmsr",20253.1,195677,0.4399335
2045,30,"0.7 Fmsr",20253.1,195677,0.4399335
2046,31,"0.7 Fmsr",20253.1,195677,0.4399335
2047,32,"0.7 Fmsr",20253.1,195677,0.4399335
2048,33,"0.7 Fmsr",20253.1,195677,0.4399335
2049,34,"0.7 Fmsr",20253.1,195677,0.4399335
2050,35,"0.7 Fmsr",20253.1,195677,0.4399335
2051,36,"0.7 Fmsr",20253.1,195677,0.4399335
2052,37,"0.7 Fmsr",20253.1,195677,0.4399335
2053,38,"0.7 Fmsr",20253.1,195677,0.4399335
2054,39,"0.7 Fmsr",20253.1,195677,0.4399335
2055,40,"0.7 Fmsr",20253.1,195677,0.4399335
2056,41,"0.7 Fmsr",20253.1,195677,0.4399335
2057,42,"0.7 Fmsr",20253.1,195677,0.4399335
2058,43,"0.7 Fmsr",20253.1,195677,0.4399335
2059,44,"0.7 Fmsr",20253.1,195677,0.4399335
2060,45,"0.7 Fmsr",20253.1,195677,0.4399335
2061,46,"0.7 Fmsr",20253.1,195677,0.4399335
2062,47,"0.7 Fmsr",20253.1,195677,0.4399335
2063,48,"0.7 Fmsr",20253.1,195677,0.4399335
2064,49,"0.7 Fmsr",20253.1,195677,0.4399335
2015,0,"0.8 Fmrs",18798.45,131130.5,0.293515
2016,1,"0.8 Fmrs",14674.85,137653,0.3077695
2017,2,"0.8 Fmrs",15736.7,145688,0.3257375
2018,3,"0.8 Fmrs",16694.45,154388.5,0.346537
2019,4,"0.8 Fmrs",17554.55,162917.5,0.365659
2020,5,"0.8 Fmrs",18327.8,169879,0.380623
2021,6,"0.8 Fmrs",19006.05,174653.5,0.3915635
2022,7,"0.8 Fmrs",19576.85,176572,0.39718
2023,8,"0.8 Fmrs",20051.4,177086,0.3989935
2024,9,"0.8 Fmrs",20494.65,178198,0.400176
2025,10,"0.8 Fmrs",20776.75,179413.5,0.403746
2026,11,"0.8 Fmrs",20914.7,180304,0.4067685
2027,12,"0.8 Fmrs",20996.85,181796,0.409418
2028,13,"0.8 Fmrs",21067.3,182608,0.4112915
2029,14,"0.8 Fmrs",21159.35,183411.5,0.4124735
2030,15,"0.8 Fmrs",21242.1,184192.5,0.4146675
2031,16,"0.8 Fmrs",21302.2,184757,0.4158745
2032,17,"0.8 Fmrs",21425,185518,0.416698
2033,18,"0.8 Fmrs",21547.85,185966,0.4180835
2034,19,"0.8 Fmrs",21639.7,186338.5,0.418932
2035,20,"0.8 Fmrs",21431.85,185532,0.4173025
2036,21,"0.8 Fmrs",21448.8,185924,0.4172495
2037,22,"0.8 Fmrs",21524,185850.5,0.418332
2038,23,"0.8 Fmrs",21575.8,185997,0.41836
2039,24,"0.8 Fmrs",21575.9,185997,0.4183605
2040,25,"0.8 Fmrs",21575.9,185997,0.4183605
2041,26,"0.8 Fmrs",21575.9,185997,0.4183605
2042,27,"0.8 Fmrs",21575.9,185997,0.4183605
2043,28,"0.8 Fmrs",21575.9,185997,0.4183605
2044,29,"0.8 Fmrs",21575.9,185997,0.4183605
2045,30,"0.8 Fmrs",21575.9,185997,0.4183605
2046,31,"0.8 Fmrs",21575.9,185997,0.4183605
2047,32,"0.8 Fmrs",21575.9,185997,0.4183605
2048,33,"0.8 Fmrs",21575.9,185997,0.4183605
2049,34,"0.8 Fmrs",21575.9,185997,0.4183605
2050,35,"0.8 Fmrs",21575.9,185997,0.4183605
2051,36,"0.8 Fmrs",21575.9,185997,0.4183605
2052,37,"0.8 Fmrs",21575.9,185997,0.4183605
2053,38,"0.8 Fmrs",21575.9,185997,0.4183605
2054,39,"0.8 Fmrs",21575.9,185997,0.4183605
2055,40,"0.8 Fmrs",21575.9,185997,0.4183605
2056,41,"0.8 Fmrs",21575.9,185997,0.4183605
2057,42,"0.8 Fmrs",21575.9,185997,0.4183605
2058,43,"0.8 Fmrs",21575.9,185997,0.4183605
2059,44,"0.8 Fmrs",21575.9,185997,0.4183605
2060,45,"0.8 Fmrs",21575.9,185997,0.4183605
2061,46,"0.8 Fmrs",21575.9,185997,0.4183605
2062,47,"0.8 Fmrs",21575.9,185997,0.4183605
2063,48,"0.8 Fmrs",21575.9,185997,0.4183605
2064,49,"0.8 Fmrs",21575.9,185997,0.4183605
2015,0,"0.9 Fmrs",18798.45,131130.5,0.293515
2016,1,"0.9 Fmrs",16408.85,136633,0.30546
2017,2,"0.9 Fmrs",17407.45,143485.5,0.3206705
2018,3,"0.9 Fmrs",18314.15,151105.5,0.3389745
2019,4,"0.9 Fmrs",19095.7,158743,0.3563165
2020,5,"0.9 Fmrs",19832.15,164793,0.369315
2021,6,"0.9 Fmrs",20438,168688,0.3786355
2022,7,"0.9 Fmrs",20954,170232.5,0.3828645
2023,8,"0.9 Fmrs",21399.9,170210.5,0.382825
2024,9,"0.9 Fmrs",21786.5,170921,0.3839895
2025,10,"0.9 Fmrs",22046.2,171601,0.38611
2026,11,"0.9 Fmrs",22167.55,172681.5,0.3889465
2027,12,"0.9 Fmrs",22199.9,173756.5,0.391215
2028,13,"0.9 Fmrs",22241.9,174642.5,0.3930945
2029,14,"0.9 Fmrs",22342.45,175315,0.3943225
2030,15,"0.9 Fmrs",22422.85,176004.5,0.3959035
2031,16,"0.9 Fmrs",22497.9,176657.5,0.396944
2032,17,"0.9 Fmrs",22623.05,177264.5,0.397742
2033,18,"0.9 Fmrs",22733.75,177681.5,0.398997
2034,19,"0.9 Fmrs",22802.7,177795.5,0.399783
2035,20,"0.9 Fmrs",22600.25,177284,0.398061
2036,21,"0.9 Fmrs",22648.9,177418,0.398341
2037,22,"0.9 Fmrs",22715.45,177772.5,0.399131
2038,23,"0.9 Fmrs",22752.3,177736,0.399524
2039,24,"0.9 Fmrs",22752.3,177736,0.399524
2040,25,"0.9 Fmrs",22752.3,177736,0.399524
2041,26,"0.9 Fmrs",22752.3,177736,0.399524
2042,27,"0.9 Fmrs",22752.3,177736,0.399524
2043,28,"0.9 Fmrs",22752.3,177736,0.399524
2044,29,"0.9 Fmrs",22752.3,177736,0.399524
2045,30,"0.9 Fmrs",22752.3,177736,0.399524
2046,31,"0.9 Fmrs",22752.3,177736,0.399524
2047,32,"0.9 Fmrs",22752.3,177736,0.399524
2048,33,"0.9 Fmrs",22752.3,177736,0.399524
2049,34,"0.9 Fmrs",22752.3,177736,0.399524
2050,35,"0.9 Fmrs",22752.3,177736,0.399524
2051,36,"0.9 Fmrs",22752.3,177736,0.399524
2052,37,"0.9 Fmrs",22752.3,177736,0.399524
2053,38,"0.9 Fmrs",22752.3,177736,0.399524
2054,39,"0.9 Fmrs",22752.3,177736,0.399524
2055,40,"0.9 Fmrs",22752.3,177736,0.399524
2056,41,"0.9 Fmrs",22752.3,177736,0.399524
2057,42,"0.9 Fmrs",22752.3,177736,0.399524
2058,43,"0.9 Fmrs",22752.3,177736,0.399524
2059,44,"0.9 Fmrs",22752.3,177736,0.399524
2060,45,"0.9 Fmrs",22752.3,177736,0.399524
2061,46,"0.9 Fmrs",22752.3,177736,0.399524
2062,47,"0.9 Fmrs",22752.3,177736,0.399524
2063,48,"0.9 Fmrs",22752.3,177736,0.399524
2064,49,"0.9 Fmrs",22752.3,177736,0.399524
2015,0,"1.0 Fmrs",18798.45,131130.5,0.293515
2016,1,"1.0 Fmrs",18125.25,135612.5,0.302942
2017,2,"1.0 Fmrs",19029.9,141292.5,0.3158535
2018,3,"1.0 Fmrs",19832.9,148049,0.3318715
2019,4,"1.0 Fmrs",20554.45,154696,0.3471775
2020,5,"1.0 Fmrs",21186.9,159975,0.358444
2021,6,"1.0 Fmrs",21753.85,163374,0.3664725
2022,7,"1.0 Fmrs",22209.4,164140.5,0.369031
2023,8,"1.0 Fmrs",22623.65,164120,0.3685375
2024,9,"1.0 Fmrs",22920.5,164206,0.3691125
2025,10,"1.0 Fmrs",23132.95,164735,0.3706315
2026,11,"1.0 Fmrs",23221.05,165801.5,0.372592
2027,12,"1.0 Fmrs",23256.85,166575.5,0.3744125
2028,13,"1.0 Fmrs",23284.05,167231,0.3765945
2029,14,"1.0 Fmrs",23364.6,167982.5,0.377657
2030,15,"1.0 Fmrs",23458.45,168588.5,0.3793995
2031,16,"1.0 Fmrs",23539.8,169352,0.3799445
2032,17,"1.0 Fmrs",23637.35,169568.5,0.3809085
2033,18,"1.0 Fmrs",23759.7,170205.5,0.381752
2034,19,"1.0 Fmrs",23802.35,170386,0.38244
2035,20,"1.0 Fmrs",23645.55,169955,0.3811485
2036,21,"1.0 Fmrs",23682.7,170068.5,0.381322
2037,22,"1.0 Fmrs",23762.6,170105,0.381746
2038,23,"1.0 Fmrs",23766.7,170241,0.382091
2039,24,"1.0 Fmrs",23766.7,170241,0.382091
2040,25,"1.0 Fmrs",23766.7,170241,0.382091
2041,26,"1.0 Fmrs",23766.7,170241,0.382091
2042,27,"1.0 Fmrs",23766.7,170241,0.382091
2043,28,"1.0 Fmrs",23766.7,170241,0.382091
2044,29,"1.0 Fmrs",23766.7,170241,0.382091
2045,30,"1.0 Fmrs",23766.7,170241,0.382091
2046,31,"1.0 Fmrs",23766.7,170241,0.382091
2047,32,"1.0 Fmrs",23766.7,170241,0.382091
2048,33,"1.0 Fmrs",23766.7,170241,0.382091
2049,34,"1.0 Fmrs",23766.7,170241,0.382091
2050,35,"1.0 Fmrs",23766.7,170241,0.382091
2051,36,"1.0 Fmrs",23766.7,170241,0.382091
2052,37,"1.0 Fmrs",23766.7,170241,0.382091
2053,38,"1.0 Fmrs",23766.7,170241,0.382091
2054,39,"1.0 Fmrs",23766.7,170241,0.382091
2055,40,"1.0 Fmrs",23766.7,170241,0.382091
2056,41,"1.0 Fmrs",23766.7,170241,0.382091
2057,42,"1.0 Fmrs",23766.7,170241,0.382091
2058,43,"1.0 Fmrs",23766.7,170241,0.382091
2059,44,"1.0 Fmrs",23766.7,170241,0.382091
2060,45,"1.0 Fmrs",23766.7,170241,0.382091
2061,46,"1.0 Fmrs",23766.7,170241,0.382091
2062,47,"1.0 Fmrs",23766.7,170241,0.382091
2063,48,"1.0 Fmrs",23766.7,170241,0.382091
2064,49,"1.0 Fmrs",23766.7,170241,0.382091
2015,0,"1.1 Fmrs",18798.45,131130.5,0.293515
2016,1,"1.1 Fmrs",19821.05,134640.5,0.30059
2017,2,"1.1 Fmrs",20590,139110,0.3108615
2018,3,"1.1 Fmrs",21257.8,144852,0.3250075
2019,4,"1.1 Fmrs",21897.05,150948.5,0.3387085
2020,5,"1.1 Fmrs",22446.75,155478,0.3481965
2021,6,"1.1 Fmrs",22953.75,158124,0.354981
2022,7,"1.1 Fmrs",23350.7,158446,0.35674
2023,8,"1.1 Fmrs",23714.25,158055.5,0.355097
2024,9,"1.1 Fmrs",23968.95,157981.5,0.3549485
2025,10,"1.1 Fmrs",24130.85,158571.5,0.3558265
2026,11,"1.1 Fmrs",24177.1,159407,0.3578305
2027,12,"1.1 Fmrs",24204.3,160036,0.3595465
2028,13,"1.1 Fmrs",24217.3,160575.5,0.3611725
2029,14,"1.1 Fmrs",24314.25,161378,0.362598
2030,15,"1.1 Fmrs",24384.15,162000.5,0.364189
2031,16,"1.1 Fmrs",24487.1,162554.5,0.3649055
2032,17,"1.1 Fmrs",24555.25,162690,0.3657245
2033,18,"1.1 Fmrs",24660.7,163186.5,0.366052
2034,19,"1.1 Fmrs",24701.45,163326.5,0.3669835
2035,20,"1.1 Fmrs",24601.4,163139.5,0.3661065
2036,21,"1.1 Fmrs",24616.95,163278,0.366134
2037,22,"1.1 Fmrs",24667.8,163082.5,0.3662745
2038,23,"1.1 Fmrs",24690.95,163389.5,0.3666995
2039,24,"1.1 Fmrs",24690.95,163389.5,0.3666995
2040,25,"1.1 Fmrs",24690.95,163389.5,0.3666995
2041,26,"1.1 Fmrs",24690.95,163389.5,0.3666995
2042,27,"1.1 Fmrs",24690.95,163389.5,0.3666995
2043,28,"1.1 Fmrs",24690.95,163389.5,0.3666995
2044,29,"1.1 Fmrs",24690.95,163389.5,0.3666995
2045,30,"1.1 Fmrs",24690.95,163389.5,0.3666995
2046,31,"1.1 Fmrs",24690.95,163389.5,0.3666995
2047,32,"1.1 Fmrs",24690.95,163389.5,0.3666995
2048,33,"1.1 Fmrs",24690.95,163389.5,0.3666995
2049,34,"1.1 Fmrs",24690.95,163389.5,0.3666995
2050,35,"1.1 Fmrs",24690.95,163389.5,0.3666995
2051,36,"1.1 Fmrs",24690.95,163389.5,0.3666995
2052,37,"1.1 Fmrs",24690.95,163389.5,0.3666995
2053,38,"1.1 Fmrs",24690.95,163389.5,0.3666995
2054,39,"1.1 Fmrs",24690.95,163389.5,0.3666995
2055,40,"1.1 Fmrs",24690.95,163389.5,0.3666995
2056,41,"1.1 Fmrs",24690.95,163389.5,0.3666995
2057,42,"1.1 Fmrs",24690.95,163389.5,0.3666995
2058,43,"1.1 Fmrs",24690.95,163389.5,0.3666995
2059,44,"1.1 Fmrs",24690.95,163389.5,0.3666995
2060,45,"1.1 Fmrs",24690.95,163389.5,0.3666995
2061,46,"1.1 Fmrs",24690.95,163389.5,0.3666995
2062,47,"1.1 Fmrs",24690.95,163389.5,0.3666995
2063,48,"1.1 Fmrs",24690.95,163389.5,0.3666995
2064,49,"1.1 Fmrs",24690.95,163389.5,0.3666995
2015,0,"1.2 Fmrs",18798.45,131130.5,0.293515
2016,1,"1.2 Fmrs",21504.35,133718.5,0.298269
2017,2,"1.2 Fmrs",22108.1,137082,0.3060695
2018,3,"1.2 Fmrs",22609.7,141923,0.3183235
2019,4,"1.2 Fmrs",23163.5,147216,0.3305365
2020,5,"1.2 Fmrs",23607.45,151274.5,0.338879
2021,6,"1.2 Fmrs",24039.35,153288.5,0.344375
2022,7,"1.2 Fmrs",24391.1,153208,0.344773
2023,8,"1.2 Fmrs",24713.85,152473,0.342914
2024,9,"1.2 Fmrs",24882.45,152120.5,0.3415455
2025,10,"1.2 Fmrs",24995.25,152598,0.3426565
2026,11,"1.2 Fmrs",25036.1,153298.5,0.3442215
2027,12,"1.2 Fmrs",25030.85,153916,0.3456225
2028,13,"1.2 Fmrs",25068.2,154597,0.34776
2029,14,"1.2 Fmrs",25134.5,155346,0.3487145
2030,15,"1.2 Fmrs",25219.45,156014,0.350383
2031,16,"1.2 Fmrs",25314.15,156385,0.3509625
2032,17,"1.2 Fmrs",25398.95,156526.5,0.35169
2033,18,"1.2 Fmrs",25471.95,156885,0.352044
2034,19,"1.2 Fmrs",25497.7,157065,0.352737
2035,20,"1.2 Fmrs",25437.7,156727.5,0.3522325
2036,21,"1.2 Fmrs",25464.65,156908.5,0.3521615
2037,22,"1.2 Fmrs",25497.7,156895.5,0.3523095
2038,23,"1.2 Fmrs",25507.4,156980,0.352658
2039,24,"1.2 Fmrs",25507.4,156980,0.352658
2040,25,"1.2 Fmrs",25507.4,156980,0.352658
2041,26,"1.2 Fmrs",25507.4,156980,0.352658
2042,27,"1.2 Fmrs",25507.4,156980,0.352658
2043,28,"1.2 Fmrs",25507.4,156980,0.352658
2044,29,"1.2 Fmrs",25507.4,156980,0.352658
2045,30,"1.2 Fmrs",25507.4,156980,0.352658
2046,31,"1.2 Fmrs",25507.4,156980,0.352658
2047,32,"1.2 Fmrs",25507.4,156980,0.352658
2048,33,"1.2 Fmrs",25507.4,156980,0.352658
2049,34,"1.2 Fmrs",25507.4,156980,0.352658
2050,35,"1.2 Fmrs",25507.4,156980,0.352658
2051,36,"1.2 Fmrs",25507.4,156980,0.352658
2052,37,"1.2 Fmrs",25507.4,156980,0.352658
2053,38,"1.2 Fmrs",25507.4,156980,0.352658
2054,39,"1.2 Fmrs",25507.4,156980,0.352658
2055,40,"1.2 Fmrs",25507.4,156980,0.352658
2056,41,"1.2 Fmrs",25507.4,156980,0.352658
2057,42,"1.2 Fmrs",25507.4,156980,0.352658
2058,43,"1.2 Fmrs",25507.4,156980,0.352658
2059,44,"1.2 Fmrs",25507.4,156980,0.352658
2060,45,"1.2 Fmrs",25507.4,156980,0.352658
2061,46,"1.2 Fmrs",25507.4,156980,0.352658
2062,47,"1.2 Fmrs",25507.4,156980,0.352658
2063,48,"1.2 Fmrs",25507.4,156980,0.352658
2064,49,"1.2 Fmrs",25507.4,156980,0.352658
2015,0,"1.3 Fmsr",18798.45,131130.5,0.293515
2016,1,"1.3 Fmsr",23169.65,132798.5,0.2959375
2017,2,"1.3 Fmsr",23571.15,135066,0.3014615
2018,3,"1.3 Fmsr",23915.3,138935.5,0.311941
2019,4,"1.3 Fmsr",24338,143540.5,0.3221995
2020,5,"1.3 Fmsr",24655.5,147214,0.32982
2021,6,"1.3 Fmsr",25016.45,148791.5,0.3339805
2022,7,"1.3 Fmsr",25338.95,148292.5,0.3336575
2023,8,"1.3 Fmsr",25577.9,147446.5,0.3313455
2024,9,"1.3 Fmsr",25744.9,146731.5,0.3294485
2025,10,"1.3 Fmsr",25783.75,147035.5,0.330513
2026,11,"1.3 Fmsr",25798,147701.5,0.3319855
2027,12,"1.3 Fmsr",25811.4,148311.5,0.333333
2028,13,"1.3 Fmsr",25833.95,148937,0.335219
2029,14,"1.3 Fmsr",25900.9,149873,0.336544
2030,15,"1.3 Fmsr",25985.65,150452.5,0.337876
2031,16,"1.3 Fmsr",26100.8,150828,0.3386765
2032,17,"1.3 Fmsr",26158.65,151019,0.3391375
2033,18,"1.3 Fmsr",26215,151352.5,0.339622
2034,19,"1.3 Fmsr",26241.9,151339,0.34006
2035,20,"1.3 Fmsr",26195.15,151097.5,0.339586
2036,21,"1.3 Fmsr",26230.4,151221,0.3397565
2037,22,"1.3 Fmsr",26250.7,151222.5,0.3398935
2038,23,"1.3 Fmsr",26244.2,151279,0.340072
2039,24,"1.3 Fmsr",26244.2,151279,0.340072
2040,25,"1.3 Fmsr",26244.2,151279,0.340072
2041,26,"1.3 Fmsr",26244.2,151279,0.340072
2042,27,"1.3 Fmsr",26244.2,151279,0.340072
2043,28,"1.3 Fmsr",26244.2,151279,0.340072
2044,29,"1.3 Fmsr",26244.2,151279,0.340072
2045,30,"1.3 Fmsr",26244.2,151279,0.340072
2046,31,"1.3 Fmsr",26244.2,151279,0.340072
2047,32,"1.3 Fmsr",26244.2,151279,0.340072
2048,33,"1.3 Fmsr",26244.2,151279,0.340072
2049,34,"1.3 Fmsr",26244.2,151279,0.340072
2050,35,"1.3 Fmsr",26244.2,151279,0.340072
2051,36,"1.3 Fmsr",26244.2,151279,0.340072
2052,37,"1.3 Fmsr",26244.2,151279,0.340072
2053,38,"1.3 Fmsr",26244.2,151279,0.340072
2054,39,"1.3 Fmsr",26244.2,151279,0.340072
2055,40,"1.3 Fmsr",26244.2,151279,0.340072
2056,41,"1.3 Fmsr",26244.2,151279,0.340072
2057,42,"1.3 Fmsr",26244.2,151279,0.340072
2058,43,"1.3 Fmsr",26244.2,151279,0.340072
2059,44,"1.3 Fmsr",26244.2,151279,0.340072
2060,45,"1.3 Fmsr",26244.2,151279,0.340072
2061,46,"1.3 Fmsr",26244.2,151279,0.340072
2062,47,"1.3 Fmsr",26244.2,151279,0.340072
2063,48,"1.3 Fmsr",26244.2,151279,0.340072
2064,49,"1.3 Fmsr",26244.2,151279,0.340072
2015,0,"1.4 Fmrs",18798.45,131130.5,0.293515
2016,1,"1.4 Fmrs",24816.35,131822,0.293632
2017,2,"1.4 Fmrs",24993.6,132956.5,0.2970455
2018,3,"1.4 Fmrs",25137.3,136156,0.3054585
2019,4,"1.4 Fmrs",25404.35,140097,0.314735
2020,5,"1.4 Fmrs",25663.35,143387,0.321363
2021,6,"1.4 Fmrs",25938.6,144577,0.3243245
2022,7,"1.4 Fmrs",26183.85,143802,0.3232505
2023,8,"1.4 Fmrs",26367.25,142710.5,0.3207375
2024,9,"1.4 Fmrs",26488.6,141996.5,0.318521
2025,10,"1.4 Fmrs",26523.5,141933.5,0.319185
2026,11,"1.4 Fmrs",26531.15,142350.5,0.3205285
2027,12,"1.4 Fmrs",26509.4,143270.5,0.322417
2028,13,"1.4 Fmrs",26559.15,143952,0.324052
2029,14,"1.4 Fmrs",26596.6,144801.5,0.325189
2030,15,"1.4 Fmrs",26686.1,145268.5,0.3262565
2031,16,"1.4 Fmrs",26820.3,145769,0.3267925
2032,17,"1.4 Fmrs",26854.1,145992.5,0.3274165
2033,18,"1.4 Fmrs",26897.85,146109,0.327919
2034,19,"1.4 Fmrs",26936.45,146161.5,0.3282075
2035,20,"1.4 Fmrs",26889.7,145989,0.3281185
2036,21,"1.4 Fmrs",26932.1,146122,0.3280685
2037,22,"1.4 Fmrs",26943,146097,0.3282535
2038,23,"1.4 Fmrs",26965.2,146136.5,0.3284605
2039,24,"1.4 Fmrs",26965.2,146136.5,0.3284605
2040,25,"1.4 Fmrs",26965.2,146136.5,0.3284605
2041,26,"1.4 Fmrs",26965.2,146136.5,0.3284605
2042,27,"1.4 Fmrs",26965.2,146136.5,0.3284605
2043,28,"1.4 Fmrs",26965.2,146136.5,0.3284605
2044,29,"1.4 Fmrs",26965.2,146136.5,0.3284605
2045,30,"1.4 Fmrs",26965.2,146136.5,0.3284605
2046,31,"1.4 Fmrs",26965.2,146136.5,0.3284605
2047,32,"1.4 Fmrs",26965.2,146136.5,0.3284605
2048,33,"1.4 Fmrs",26965.2,146136.5,0.3284605
2049,34,"1.4 Fmrs",26965.2,146136.5,0.3284605
2050,35,"1.4 Fmrs",26965.2,146136.5,0.3284605
2051,36,"1.4 Fmrs",26965.2,146136.5,0.3284605
2052,37,"1.4 Fmrs",26965.2,146136.5,0.3284605
2053,38,"1.4 Fmrs",26965.2,146136.5,0.3284605
2054,39,"1.4 Fmrs",26965.2,146136.5,0.3284605
2055,40,"1.4 Fmrs",26965.2,146136.5,0.3284605
2056,41,"1.4 Fmrs",26965.2,146136.5,0.3284605
2057,42,"1.4 Fmrs",26965.2,146136.5,0.3284605
2058,43,"1.4 Fmrs",26965.2,146136.5,0.3284605
2059,44,"1.4 Fmrs",26965.2,146136.5,0.3284605
2060,45,"1.4 Fmrs",26965.2,146136.5,0.3284605
2061,46,"1.4 Fmrs",26965.2,146136.5,0.3284605
2062,47,"1.4 Fmrs",26965.2,146136.5,0.3284605
2063,48,"1.4 Fmrs",26965.2,146136.5,0.3284605
2064,49,"1.4 Fmrs",26965.2,146136.5,0.3284605
2015,0,"1.5 Fmrs",18798.45,131130.5,0.293515
2016,1,"1.5 Fmrs",26437.05,130907.5,0.291596
2017,2,"1.5 Fmrs",26343.05,130980,0.292778
2018,3,"1.5 Fmrs",26302.6,133478.5,0.2995535
2019,4,"1.5 Fmrs",26447.75,136838,0.3073405
2020,5,"1.5 Fmrs",26590.9,139730.5,0.3132785
2021,6,"1.5 Fmrs",26817.2,140617.5,0.3150605
2022,7,"1.5 Fmrs",27004.95,139449.5,0.3136795
2023,8,"1.5 Fmrs",27125.7,138427,0.3104445
2024,9,"1.5 Fmrs",27124,137426.5,0.308485
2025,10,"1.5 Fmrs",27184.9,137298,0.308661
2026,11,"1.5 Fmrs",27187.65,137704.5,0.3099255
2027,12,"1.5 Fmrs",27137.05,138586,0.311883
2028,13,"1.5 Fmrs",27194.85,139316,0.313247
2029,14,"1.5 Fmrs",27238.95,139959,0.3141
2030,15,"1.5 Fmrs",27329.5,140432.5,0.315486
2031,16,"1.5 Fmrs",27463.05,140877.5,0.3162305
2032,17,"1.5 Fmrs",27513.5,141175.5,0.316842
2033,18,"1.5 Fmrs",27537.6,141255,0.317293
2034,19,"1.5 Fmrs",27580.55,141324,0.3176875
2035,20,"1.5 Fmrs",27535.8,141318.5,0.317368
2036,21,"1.5 Fmrs",27568.6,141327,0.317489
2037,22,"1.5 Fmrs",27581,141302,0.3176045
2038,23,"1.5 Fmrs",27604.25,141391.5,0.3177865
2039,24,"1.5 Fmrs",27604.25,141391.5,0.3177865
2040,25,"1.5 Fmrs",27604.25,141391.5,0.3177865
2041,26,"1.5 Fmrs",27604.25,141391.5,0.3177865
2042,27,"1.5 Fmrs",27604.25,141391.5,0.3177865
2043,28,"1.5 Fmrs",27604.25,141391.5,0.3177865
2044,29,"1.5 Fmrs",27604.25,141391.5,0.3177865
2045,30,"1.5 Fmrs",27604.25,141391.5,0.3177865
2046,31,"1.5 Fmrs",27604.25,141391.5,0.3177865
2047,32,"1.5 Fmrs",27604.25,141391.5,0.3177865
2048,33,"1.5 Fmrs",27604.25,141391.5,0.3177865
2049,34,"1.5 Fmrs",27604.25,141391.5,0.3177865
2050,35,"1.5 Fmrs",27604.25,141391.5,0.3177865
2051,36,"1.5 Fmrs",27604.25,141391.5,0.3177865
2052,37,"1.5 Fmrs",27604.25,141391.5,0.3177865
2053,38,"1.5 Fmrs",27604.25,141391.5,0.3177865
2054,39,"1.5 Fmrs",27604.25,141391.5,0.3177865
2055,40,"1.5 Fmrs",27604.25,141391.5,0.3177865
2056,41,"1.5 Fmrs",27604.25,141391.5,0.3177865
2057,42,"1.5 Fmrs",27604.25,141391.5,0.3177865
2058,43,"1.5 Fmrs",27604.25,141391.5,0.3177865
2059,44,"1.5 Fmrs",27604.25,141391.5,0.3177865
2060,45,"1.5 Fmrs",27604.25,141391.5,0.3177865
2061,46,"1.5 Fmrs",27604.25,141391.5,0.3177865
2062,47,"1.5 Fmrs",27604.25,141391.5,0.3177865
2063,48,"1.5 Fmrs",27604.25,141391.5,0.3177865
2064,49,"1.5 Fmrs",27604.25,141391.5,0.3177865
